{"latent_meta":{"latent_channels_skel":51,"latent_channels_skin":52},"model_version":2,"named_parameters":{"skel":{"0":"Torso height","1":"Arm span","2":"Leg length"},"skin":{"0":"Chest girth","1":"Waist girth","2":"Abdominal girth","3":"Hip girth"}},"run_name":"cool-sweep-16","wandb_config":{"alpha":0,"batch_size":64,"beta":20,"checkpoints":50,"dataset":"male","epochs":432,"gradient_clip":1,"lambd":2.032525197301049,"latent_skel":48,"latent_skin":48,"lr":0.00017782070044106534,"mask_measurements":"[0, 8]","optimizer":"Adam","out_channels":"[32, 48, 64, 72]","test_samples":512,"train_samples":16384,"variant":"default","weight_decay":0,"in_channels":3,"seq_length":"[9, 9, 9, 9]","dilation":"[1, 1, 1, 1]","ds_factors":"[4, 4, 4, 4]","momentum":0.0,"dampening":0.0,"mini_batch_size":64,"validation_samples":4096,"validation_samples_skin_fit":1024,"no_measurements":false,"seed":1,"theta":1.0,"loss_recon_func":"l1","no_test":false,"no_separation_test":false,"samples_separation_test":128,"no_save":false}}